<assembly xmlns="http://maven.apache.org/plugins/maven-assembly-plugin/assembly/1.1.0"
  xmlns:xsi="http://www.w3.org/2001/XMLSchema-instance"
  xsi:schemaLocation="http://maven.apache.org/plugins/maven-assembly-plugin/assembly/1.1.0 http://maven.apache.org/xsd/assembly-1.1.0.xsd">
  <id>distribution</id>
  <formats>
    <format>zip</format>
  </formats>
  <fileSets>
    <fileSet>
      <directory>.</directory>
      <useDefaultExcludes>true</useDefaultExcludes>
      <excludes>
        <exclude>target/**</exclude>
        <exclude>*.iml</exclude>
        <exclude>*.ipr</exclude>
        <exclude>*.iws</exclude>
      </excludes>
    </fileSet>
    <fileSet>
        <directory>target</directory>
        <outputDirectory>.</outputDirectory>
        <includes>
            <include>*.war</include>
            <include>site/**</include>
        </includes>
    </fileSet>
  </fileSets>
</assembly>

